<application>
  <component name="KeyPromoterXStatistic">
    <option name="statistics">
      <Statistic Action="Add">
        <Item>
          <IdeaActionID>Git.Add</IdeaActionID>
          <ShortCut>'Ctrl+Alt+A'</ShortCut>
          <Description>Add</Description>
          <Count>1</Count>
        </Item>
      </Statistic>
      <Statistic Action="Close">
        <Item>
          <IdeaActionID>CloseContent</IdeaActionID>
          <ShortCut>'Ctrl+F4'</ShortCut>
          <Description>Close</Description>
          <Count>1</Count>
        </Item>
      </Statistic>
      <Statistic Action="Close All">
        <Item>
          <IdeaActionID>CloseAllEditors</IdeaActionID>
          <ShortCut>'Ctrl+Shift+F4' or 'Ctrl+Shift+W'</ShortCut>
          <Description>Close All</Description>
          <Count>2</Count>
        </Item>
      </Statistic>
      <Statistic Action="Copy">
        <Item>
          <IdeaActionID>$Copy</IdeaActionID>
          <ShortCut>'Ctrl+C' or 'Ctrl+Insert'</ShortCut>
          <Description>Copy</Description>
          <Count>13</Count>
        </Item>
      </Statistic>
      <Statistic Action="Copy Path">
        <Item>
          <IdeaActionID>CopyPaths</IdeaActionID>
          <ShortCut>'Ctrl+Shift+C'</ShortCut>
          <Description>Copy Path</Description>
          <Count>4</Count>
        </Item>
      </Statistic>
      <Statistic Action="Cut">
        <Item>
          <IdeaActionID>$Cut</IdeaActionID>
          <ShortCut>'Ctrl+X' or 'Shift+Delete'</ShortCut>
          <Description>Cut</Description>
          <Count>2</Count>
        </Item>
      </Statistic>
      <Statistic Action="Debug">
        <Item>
          <IdeaActionID>ActivateDebugToolWindow</IdeaActionID>
          <ShortCut>'Alt+5'</ShortCut>
          <Description>Debug</Description>
          <Count>19</Count>
        </Item>
      </Statistic>
      <Statistic Action="Debug 'BootSocketApplication'">
        <Item>
          <IdeaActionID>Debug</IdeaActionID>
          <ShortCut>'Alt+Shift+D' or 'Shift+F9'</ShortCut>
          <Description>Debug 'BootSocketApplication'</Description>
          <Count>8</Count>
        </Item>
      </Statistic>
      <Statistic Action="Debug 'PostgresMybatisApplication'">
        <Item>
          <IdeaActionID>Debug</IdeaActionID>
          <ShortCut>'Alt+Shift+D' or 'Shift+F9'</ShortCut>
          <Description>Debug 'PostgresMybatisApplication'</Description>
          <Count>1</Count>
        </Item>
      </Statistic>
      <Statistic Action="Debug 'WebAdminApp'">
        <Item>
          <IdeaActionID>Debug</IdeaActionID>
          <ShortCut>'Alt+Shift+D' or 'Shift+F9'</ShortCut>
          <Description>Debug 'WebAdminApp'</Description>
          <Count>54</Count>
        </Item>
      </Statistic>
      <Statistic Action="Declaration">
        <Item>
          <IdeaActionID>GotoDeclaration</IdeaActionID>
          <ShortCut>'F3' or 'Ctrl+Button1 Click'</ShortCut>
          <Description>Declaration</Description>
          <Count>28</Count>
        </Item>
      </Statistic>
      <Statistic Action="Delete">
        <Item>
          <IdeaActionID>FileChooser.Delete</IdeaActionID>
          <ShortCut>'Delete'</ShortCut>
          <Description>Delete</Description>
          <Count>2</Count>
        </Item>
      </Statistic>
      <Statistic Action="Delete...">
        <Item>
          <IdeaActionID>$Delete</IdeaActionID>
          <ShortCut>'Delete'</ShortCut>
          <Description>Delete...</Description>
          <Count>16</Count>
        </Item>
      </Statistic>
      <Statistic Action="Favorites">
        <Item>
          <IdeaActionID>ActivateFavoritesToolWindow</IdeaActionID>
          <ShortCut>'Alt+2'</ShortCut>
          <Description>Favorites</Description>
          <Count>4</Count>
        </Item>
      </Statistic>
      <Statistic Action="Find">
        <Item>
          <IdeaActionID>ActivateFindToolWindow</IdeaActionID>
          <ShortCut>'Alt+3'</ShortCut>
          <Description>Find</Description>
          <Count>1</Count>
        </Item>
      </Statistic>
      <Statistic Action="Find Usages">
        <Item>
          <IdeaActionID>FindUsages</IdeaActionID>
          <ShortCut>'Ctrl+G'</ShortCut>
          <Description>Find Usages</Description>
          <Count>4</Count>
        </Item>
      </Statistic>
      <Statistic Action="Find in Path...">
        <Item>
          <IdeaActionID>FindInPath</IdeaActionID>
          <ShortCut>'Ctrl+H'</ShortCut>
          <Description>Find in Path...</Description>
          <Count>1</Count>
        </Item>
      </Statistic>
      <Statistic Action="Force Run to Cursor">
        <Item>
          <IdeaActionID>ForceRunToCursor</IdeaActionID>
          <ShortCut>'Ctrl+Alt+F9'</ShortCut>
          <Description>Force Run to Cursor</Description>
          <Count>1</Count>
        </Item>
      </Statistic>
      <Statistic Action="Force Step Into">
        <Item>
          <IdeaActionID>ForceStepInto</IdeaActionID>
          <ShortCut>'Alt+Shift+F7'</ShortCut>
          <Description>Force Step Into</Description>
          <Count>1</Count>
        </Item>
      </Statistic>
      <Statistic Action="Generate...">
        <Item>
          <IdeaActionID>Generate</IdeaActionID>
          <ShortCut>'Alt+Insert'</ShortCut>
          <Description>Generate...</Description>
          <Count>5</Count>
        </Item>
      </Statistic>
      <Statistic Action="Hide All Windows">
        <Item>
          <IdeaActionID>HideAllWindows</IdeaActionID>
          <ShortCut>'Ctrl+Shift+F12'</ShortCut>
          <Description>Hide All Windows</Description>
          <Count>5</Count>
        </Item>
      </Statistic>
      <Statistic Action="Home Directory">
        <Item>
          <IdeaActionID>FileChooser.GotoHome</IdeaActionID>
          <ShortCut>'Ctrl+1'</ShortCut>
          <Description>Home Directory</Description>
          <Count>1</Count>
        </Item>
      </Statistic>
      <Statistic Action="Implement Methods...">
        <Item>
          <IdeaActionID>ImplementMethods</IdeaActionID>
          <ShortCut>'Alt+Shift+P'</ShortCut>
          <Description>Implement Methods...</Description>
          <Count>1</Count>
        </Item>
      </Statistic>
      <Statistic Action="Implementation(s)">
        <Item>
          <IdeaActionID>GotoImplementation</IdeaActionID>
          <ShortCut>'Ctrl+T' or 'Ctrl+Alt+B'</ShortCut>
          <Description>Implementation(s)</Description>
          <Count>2</Count>
        </Item>
      </Statistic>
      <Statistic Action="Jump to Navigation Bar">
        <Item>
          <IdeaActionID>ShowNavBar</IdeaActionID>
          <ShortCut>'Alt+Home'</ShortCut>
          <Description>Jump to Navigation Bar</Description>
          <Count>1</Count>
        </Item>
      </Statistic>
      <Statistic Action="Jump to Source">
        <Item>
          <IdeaActionID>EditSource</IdeaActionID>
          <ShortCut>'F12' or 'Ctrl+Shift+E'</ShortCut>
          <Description>Jump to Source</Description>
          <Count>1</Count>
        </Item>
      </Statistic>
      <Statistic Action="Messages">
        <Item>
          <IdeaActionID>ActivateMessagesToolWindow</IdeaActionID>
          <ShortCut>'Alt+0'</ShortCut>
          <Description>Messages</Description>
          <Count>1</Count>
        </Item>
      </Statistic>
      <Statistic Action="Move...">
        <Item>
          <IdeaActionID>Move</IdeaActionID>
          <ShortCut>'Alt+Shift+V'</ShortCut>
          <Description>Move...</Description>
          <Count>2</Count>
        </Item>
      </Statistic>
      <Statistic Action="New Folder...">
        <Item>
          <IdeaActionID>FileChooser.NewFolder</IdeaActionID>
          <ShortCut>'Alt+Insert' or 'Ctrl+N'</ShortCut>
          <Description>New Folder...</Description>
          <Count>3</Count>
        </Item>
      </Statistic>
      <Statistic Action="New Watch...">
        <Item>
          <IdeaActionID>XDebugger.NewWatch</IdeaActionID>
          <ShortCut>'Insert'</ShortCut>
          <Description>New Watch...</Description>
          <Count>1</Count>
        </Item>
      </Statistic>
      <Statistic Action="Open Module Settings">
        <Item>
          <IdeaActionID>OpenModuleSettings</IdeaActionID>
          <ShortCut>'F12' or 'Ctrl+Shift+E'</ShortCut>
          <Description>Open Module Settings</Description>
          <Count>3</Count>
        </Item>
      </Statistic>
      <Statistic Action="Open Task...">
        <Item>
          <IdeaActionID>tasks.goto</IdeaActionID>
          <ShortCut>'Alt+Shift+N'</ShortCut>
          <Description>Open Task...</Description>
          <Count>1</Count>
        </Item>
      </Statistic>
      <Statistic Action="Paste">
        <Item>
          <IdeaActionID>$Paste</IdeaActionID>
          <ShortCut>'Ctrl+V' or 'Shift+Insert'</ShortCut>
          <Description>Paste</Description>
          <Count>2</Count>
        </Item>
      </Statistic>
      <Statistic Action="Print...">
        <Item>
          <IdeaActionID>Print</IdeaActionID>
          <ShortCut>'Ctrl+P'</ShortCut>
          <Description>Print...</Description>
          <Count>1</Count>
        </Item>
      </Statistic>
      <Statistic Action="Project">
        <Item>
          <IdeaActionID>ActivateProjectToolWindow</IdeaActionID>
          <ShortCut>'Alt+1'</ShortCut>
          <Description>Project</Description>
          <Count>17</Count>
        </Item>
      </Statistic>
      <Statistic Action="Project Directory">
        <Item>
          <IdeaActionID>FileChooser.GotoProject</IdeaActionID>
          <ShortCut>'Ctrl+2'</ShortCut>
          <Description>Project Directory</Description>
          <Count>1</Count>
        </Item>
      </Statistic>
      <Statistic Action="Project Structure...">
        <Item>
          <IdeaActionID>ShowProjectStructureSettings</IdeaActionID>
          <ShortCut>'Ctrl+Alt+Shift+S'</ShortCut>
          <Description>Project Structure...</Description>
          <Count>6</Count>
        </Item>
      </Statistic>
      <Statistic Action="Rebuild 'com.avaya.me.enums'">
        <Item>
          <IdeaActionID>Compile</IdeaActionID>
          <ShortCut>'Ctrl+Shift+F9'</ShortCut>
          <Description>Rebuild 'com.avaya.me.enums'</Description>
          <Count>1</Count>
        </Item>
      </Statistic>
      <Statistic Action="Recompile '...tisApplication.java'">
        <Item>
          <IdeaActionID>Compile</IdeaActionID>
          <ShortCut>'Ctrl+Shift+F9'</ShortCut>
          <Description>Recompile '...tisApplication.java'</Description>
          <Count>1</Count>
        </Item>
      </Statistic>
      <Statistic Action="Recompile 'Main.java'">
        <Item>
          <IdeaActionID>Compile</IdeaActionID>
          <ShortCut>'Ctrl+Shift+F9'</ShortCut>
          <Description>Recompile 'Main.java'</Description>
          <Count>1</Count>
        </Item>
      </Statistic>
      <Statistic Action="Remove Module">
        <Item>
          <IdeaActionID>$Delete</IdeaActionID>
          <ShortCut>'Delete'</ShortCut>
          <Description>Remove Module</Description>
          <Count>6</Count>
        </Item>
      </Statistic>
      <Statistic Action="Rename...">
        <Item>
          <IdeaActionID>RenameElement</IdeaActionID>
          <ShortCut>'Alt+Shift+R'</ShortCut>
          <Description>Rename...</Description>
          <Count>16</Count>
        </Item>
      </Statistic>
      <Statistic Action="Rerun">
        <Item>
          <IdeaActionID>UsageView.Rerun</IdeaActionID>
          <ShortCut>'Ctrl+F11'</ShortCut>
          <Description>Rerun</Description>
          <Count>3</Count>
        </Item>
      </Statistic>
      <Statistic Action="Rerun 'BootSocketApplication'">
        <Item>
          <IdeaActionID>Rerun</IdeaActionID>
          <ShortCut>'Ctrl+F11'</ShortCut>
          <Description>Rerun 'BootSocketApplication'</Description>
          <Count>8</Count>
        </Item>
      </Statistic>
      <Statistic Action="Rerun 'Main'">
        <Item>
          <IdeaActionID>Rerun</IdeaActionID>
          <ShortCut>'Ctrl+F11'</ShortCut>
          <Description>Rerun 'Main'</Description>
          <Count>1</Count>
        </Item>
      </Statistic>
      <Statistic Action="Rerun 'PostgresMybatisApplication'">
        <Item>
          <IdeaActionID>Rerun</IdeaActionID>
          <ShortCut>'Ctrl+F11'</ShortCut>
          <Description>Rerun 'PostgresMybatisApplication'</Description>
          <Count>84</Count>
        </Item>
      </Statistic>
      <Statistic Action="Rerun 'SpringSecurityAuthServerApplication'">
        <Item>
          <IdeaActionID>Rerun</IdeaActionID>
          <ShortCut>'Ctrl+F11'</ShortCut>
          <Description>Rerun 'SpringSecurityAuthServerApplication'</Description>
          <Count>4</Count>
        </Item>
      </Statistic>
      <Statistic Action="Rerun 'SpringSecurityOauth2ClientApplication'">
        <Item>
          <IdeaActionID>Rerun</IdeaActionID>
          <ShortCut>'Ctrl+F11'</ShortCut>
          <Description>Rerun 'SpringSecurityOauth2ClientApplication'</Description>
          <Count>3</Count>
        </Item>
      </Statistic>
      <Statistic Action="Rerun 'SpringbootWebscoketApplication'">
        <Item>
          <IdeaActionID>Rerun</IdeaActionID>
          <ShortCut>'Ctrl+F11'</ShortCut>
          <Description>Rerun 'SpringbootWebscoketApplication'</Description>
          <Count>4</Count>
        </Item>
      </Statistic>
      <Statistic Action="Rerun 'WebAdminApp'">
        <Item>
          <IdeaActionID>Rerun</IdeaActionID>
          <ShortCut>'Ctrl+F11'</ShortCut>
          <Description>Rerun 'WebAdminApp'</Description>
          <Count>8</Count>
        </Item>
      </Statistic>
      <Statistic Action="Rerun 'postgres-mybatis [test]'">
        <Item>
          <IdeaActionID>Rerun</IdeaActionID>
          <ShortCut>'Ctrl+F11'</ShortCut>
          <Description>Rerun 'postgres-mybatis [test]'</Description>
          <Count>4</Count>
        </Item>
      </Statistic>
      <Statistic Action="Restore Windows">
        <Item>
          <IdeaActionID>HideAllWindows</IdeaActionID>
          <ShortCut>'Ctrl+Shift+F12'</ShortCut>
          <Description>Restore Windows</Description>
          <Count>2</Count>
        </Item>
      </Statistic>
      <Statistic Action="Revert...">
        <Item>
          <IdeaActionID>ChangesView.Revert</IdeaActionID>
          <ShortCut>'Ctrl+Alt+Z'</ShortCut>
          <Description>Revert...</Description>
          <Count>3</Count>
        </Item>
      </Statistic>
      <Statistic Action="Run">
        <Item>
          <IdeaActionID>ActivateRunToolWindow</IdeaActionID>
          <ShortCut>'Alt+4'</ShortCut>
          <Description>Run</Description>
          <Count>20</Count>
        </Item>
      </Statistic>
      <Statistic Action="Run 'BootSocketApplication'">
        <Item>
          <IdeaActionID>Run</IdeaActionID>
          <ShortCut>'Alt+Shift+X' or 'Shift+F10'</ShortCut>
          <Description>Run 'BootSocketApplication'</Description>
          <Count>6</Count>
        </Item>
      </Statistic>
      <Statistic Action="Run 'Lambda.main()'">
        <Item>
          <IdeaActionID>RunClass</IdeaActionID>
          <ShortCut>'Ctrl+Shift+F10'</ShortCut>
          <Description>Run 'Lambda.main()'</Description>
          <Count>1</Count>
        </Item>
      </Statistic>
      <Statistic Action="Run 'Main'">
        <Item>
          <IdeaActionID>RunClass</IdeaActionID>
          <ShortCut>'Ctrl+Shift+F10'</ShortCut>
          <Description>Run 'Main'</Description>
          <Count>3</Count>
        </Item>
      </Statistic>
      <Statistic Action="Run 'PostgresMybatisApplication'">
        <Item>
          <IdeaActionID>Run</IdeaActionID>
          <ShortCut>'Alt+Shift+X' or 'Shift+F10'</ShortCut>
          <Description>Run 'PostgresMybatisApplication'</Description>
          <Count>1</Count>
        </Item>
      </Statistic>
      <Statistic Action="Run 'WebAdminApp'">
        <Item>
          <IdeaActionID>Run</IdeaActionID>
          <ShortCut>'Alt+Shift+X' or 'Shift+F10'</ShortCut>
          <Description>Run 'WebAdminApp'</Description>
          <Count>25</Count>
        </Item>
      </Statistic>
      <Statistic Action="Run 'testGetByusername()'">
        <Item>
          <IdeaActionID>RunClass</IdeaActionID>
          <ShortCut>'Ctrl+Shift+F10'</ShortCut>
          <Description>Run 'testGetByusername()'</Description>
          <Count>1</Count>
        </Item>
      </Statistic>
      <Statistic Action="Run 'testGetUsers()'">
        <Item>
          <IdeaActionID>RunClass</IdeaActionID>
          <ShortCut>'Ctrl+Shift+F10'</ShortCut>
          <Description>Run 'testGetUsers()'</Description>
          <Count>1</Count>
        </Item>
      </Statistic>
      <Statistic Action="Settings...">
        <Item>
          <IdeaActionID>ShowSettings</IdeaActionID>
          <ShortCut>'Ctrl+Alt+S'</ShortCut>
          <Description>Settings...</Description>
          <Count>11</Count>
        </Item>
      </Statistic>
      <Statistic Action="Show Dependencies...">
        <Item>
          <IdeaActionID>ShowUmlDiagram</IdeaActionID>
          <ShortCut>'Ctrl+Alt+Shift+U'</ShortCut>
          <Description>Show Dependencies...</Description>
          <Count>1</Count>
        </Item>
      </Statistic>
      <Statistic Action="Show Local Changes as UML">
        <Item>
          <IdeaActionID>UML.ShowChanges</IdeaActionID>
          <ShortCut>'Ctrl+Alt+Shift+D'</ShortCut>
          <Description>Show Local Changes as UML</Description>
          <Count>1</Count>
        </Item>
      </Statistic>
      <Statistic Action="Step Into">
        <Item>
          <IdeaActionID>StepInto</IdeaActionID>
          <ShortCut>'F5'</ShortCut>
          <Description>Step Into</Description>
          <Count>1</Count>
        </Item>
      </Statistic>
      <Statistic Action="Step Out">
        <Item>
          <IdeaActionID>StepOut</IdeaActionID>
          <ShortCut>'F7' or 'Shift+F8'</ShortCut>
          <Description>Step Out</Description>
          <Count>1</Count>
        </Item>
      </Statistic>
      <Statistic Action="Stop 'BootSocketApplication'">
        <Item>
          <IdeaActionID>Stop</IdeaActionID>
          <ShortCut>'Ctrl+F2'</ShortCut>
          <Description>Stop 'BootSocketApplication'</Description>
          <Count>4</Count>
        </Item>
      </Statistic>
      <Statistic Action="Stop 'PostgresMybatisApplication'">
        <Item>
          <IdeaActionID>Stop</IdeaActionID>
          <ShortCut>'Ctrl+F2'</ShortCut>
          <Description>Stop 'PostgresMybatisApplication'</Description>
          <Count>28</Count>
        </Item>
      </Statistic>
      <Statistic Action="Stop 'SpringSecurityAuthServerApplication'">
        <Item>
          <IdeaActionID>Stop</IdeaActionID>
          <ShortCut>'Ctrl+F2'</ShortCut>
          <Description>Stop 'SpringSecurityAuthServerApplication'</Description>
          <Count>5</Count>
        </Item>
      </Statistic>
      <Statistic Action="Stop 'SpringSecurityOauth2ClientApplication'">
        <Item>
          <IdeaActionID>Stop</IdeaActionID>
          <ShortCut>'Ctrl+F2'</ShortCut>
          <Description>Stop 'SpringSecurityOauth2ClientApplication'</Description>
          <Count>5</Count>
        </Item>
      </Statistic>
      <Statistic Action="Stop 'SpringbootWebscoketApplication'">
        <Item>
          <IdeaActionID>Stop</IdeaActionID>
          <ShortCut>'Ctrl+F2'</ShortCut>
          <Description>Stop 'SpringbootWebscoketApplication'</Description>
          <Count>5</Count>
        </Item>
      </Statistic>
      <Statistic Action="Stop 'UserMapperTest.testInsert'">
        <Item>
          <IdeaActionID>Stop</IdeaActionID>
          <ShortCut>'Ctrl+F2'</ShortCut>
          <Description>Stop 'UserMapperTest.testInsert'</Description>
          <Count>1</Count>
        </Item>
      </Statistic>
      <Statistic Action="Stop 'WebAdminApp'">
        <Item>
          <IdeaActionID>Stop</IdeaActionID>
          <ShortCut>'Ctrl+F2'</ShortCut>
          <Description>Stop 'WebAdminApp'</Description>
          <Count>60</Count>
        </Item>
      </Statistic>
      <Statistic Action="Structure">
        <Item>
          <IdeaActionID>ActivateStructureToolWindow</IdeaActionID>
          <ShortCut>'Alt+7'</ShortCut>
          <Description>Structure</Description>
          <Count>3</Count>
        </Item>
      </Statistic>
      <Statistic Action="Terminal">
        <Item>
          <IdeaActionID>ActivateTerminalToolWindow</IdeaActionID>
          <ShortCut>'Alt+F12'</ShortCut>
          <Description>Terminal</Description>
          <Count>10</Count>
        </Item>
      </Statistic>
      <Statistic Action="Toggle Line Breakpoint">
        <Item>
          <IdeaActionID>ToggleLineBreakpoint</IdeaActionID>
          <ShortCut>'Ctrl+Shift+B' or 'Ctrl+F8'</ShortCut>
          <Description>Toggle Line Breakpoint</Description>
          <Count>116</Count>
        </Item>
      </Statistic>
      <Statistic Action="Undo">
        <Item>
          <IdeaActionID>$Undo</IdeaActionID>
          <ShortCut>'Ctrl+Z'</ShortCut>
          <Description>Undo</Description>
          <Count>1</Count>
        </Item>
      </Statistic>
      <Statistic Action="Version Control">
        <Item>
          <IdeaActionID>ActivateVersionControlToolWindow</IdeaActionID>
          <ShortCut>'Alt+9' or 'Alt+Shift+9'</ShortCut>
          <Description>Version Control</Description>
          <Count>2</Count>
        </Item>
      </Statistic>
      <Statistic Action="View Breakpoints...">
        <Item>
          <IdeaActionID>ViewBreakpoints</IdeaActionID>
          <ShortCut>'Ctrl+Shift+F8'</ShortCut>
          <Description>View Breakpoints...</Description>
          <Count>2</Count>
        </Item>
      </Statistic>
    </option>
  </component>
</application>